{
    "dish_1562008979": {
        "dish_id": "dish_1562008979",
        "calories": 382.936646,
        "total_mass": 290.0,
        "total_fat": 22.224644,
        "total_carbohydrates": 10.17357,
        "total_protein": 35.345387
    },
    "dish_1564686855": {
        "dish_id": "dish_1564686855",
        "calories": 1030.160645,
        "total_mass": 435.0,
        "total_fat": 52.116467,
        "total_carbohydrates": 85.930336,
        "total_protein": 56.845505
    },
    "dish_1566417516": {
        "dish_id": "dish_1566417516",
        "calories": 385.402527,
        "total_mass": 425.0,
        "total_fat": 36.516472,
        "total_carbohydrates": 23.505039,
        "total_protein": 33.699574
    },
    "dish_1561753238": {
        "dish_id": "dish_1561753238",
        "calories": 298.034393,
        "total_mass": 333.0,
        "total_fat": 13.71139,
        "total_carbohydrates": 14.026631,
        "total_protein": 28.881098
    },
    "dish_1560360055": {
        "dish_id": "dish_1560360055",
        "calories": 362.734009,
        "total_mass": 180.0,
        "total_fat": 27.786999,
        "total_carbohydrates": 4.154,
        "total_protein": 22.556999
    },
    "dish_1567106825": {
        "dish_id": "dish_1567106825",
        "calories": 220.200867,
        "total_mass": 104.0,
        "total_fat": 16.905151,
        "total_carbohydrates": 3.357732,
        "total_protein": 13.460875
    },
    "dish_1566849327": {
        "dish_id": "dish_1566849327",
        "calories": 551.702026,
        "total_mass": 362.0,
        "total_fat": 31.255999,
        "total_carbohydrates": 14.87,
        "total_protein": 55.122002
    },
    "dish_1560527191": {
        "dish_id": "dish_1560527191",
        "calories": 663.989319,
        "total_mass": 318.0,
        "total_fat": 45.395912,
        "total_carbohydrates": 28.933577,
        "total_protein": 34.38044
    },
    "dish_1559841163": {
        "dish_id": "dish_1559841163",
        "calories": 357.043518,
        "total_mass": 335.0,
        "total_fat": 18.222002,
        "total_carbohydrates": 27.539,
        "total_protein": 21.153002
    },
    "dish_1563395480": {
        "dish_id": "dish_1563395480",
        "calories": 370.521423,
        "total_mass": 329.0,
        "total_fat": 14.106581,
        "total_carbohydrates": 31.81958,
        "total_protein": 29.161797
    },
    "dish_1562785369": {
        "dish_id": "dish_1562785369",
        "calories": 440.577881,
        "total_mass": 232.0,
        "total_fat": 27.266018,
        "total_carbohydrates": 17.102179,
        "total_protein": 31.90546
    },
    "dish_1560369146": {
        "dish_id": "dish_1560369146",
        "calories": 474.832947,
        "total_mass": 359.0,
        "total_fat": 28.112362,
        "total_carbohydrates": 16.167395,
        "total_protein": 39.061409
    },
    "dish_1562094730": {
        "dish_id": "dish_1562094730",
        "calories": 428.194458,
        "total_mass": 336.0,
        "total_fat": 24.716473,
        "total_carbohydrates": 11.798436,
        "total_protein": 39.125523
    },
    "dish_1561580431": {
        "dish_id": "dish_1561580431",
        "calories": 258.003418,
        "total_mass": 197.0,
        "total_fat": 10.666273,
        "total_carbohydrates": 18.090307,
        "total_protein": 22.401735
    },
    "dish_1563391989": {
        "dish_id": "dish_1563391989",
        "calories": 462.847504,
        "total_mass": 464.0,
        "total_fat": 34.812225,
        "total_carbohydrates": 15.968175,
        "total_protein": 56.331486
    },
    "dish_1564687090": {
        "dish_id": "dish_1564687090",
        "calories": 498.018677,
        "total_mass": 416.0,
        "total_fat": 32.74007,
        "total_carbohydrates": 40.485527,
        "total_protein": 38.089466
    },
    "dish_1566419635": {
        "dish_id": "dish_1566419635",
        "calories": 605.871704,
        "total_mass": 389.0,
        "total_fat": 22.414907,
        "total_carbohydrates": 50.75592,
        "total_protein": 49.411755
    },
    "dish_1562613403": {
        "dish_id": "dish_1562613403",
        "calories": 398.703369,
        "total_mass": 315.0,
        "total_fat": 25.434467,
        "total_carbohydrates": 19.955114,
        "total_protein": 24.512461
    },
    "dish_1563823894": {
        "dish_id": "dish_1563823894",
        "calories": 368.341003,
        "total_mass": 400.0,
        "total_fat": 20.78381,
        "total_carbohydrates": 18.219273,
        "total_protein": 30.525043
    },
    "dish_1562096401": {
        "dish_id": "dish_1562096401",
        "calories": 366.863678,
        "total_mass": 352.0,
        "total_fat": 15.268942,
        "total_carbohydrates": 11.065385,
        "total_protein": 44.5625
    },
    "dish_1566590056": {
        "dish_id": "dish_1566590056",
        "calories": 815.647644,
        "total_mass": 519.0,
        "total_fat": 34.712166,
        "total_carbohydrates": 63.927059,
        "total_protein": 62.926941
    },
    "dish_1566844850": {
        "dish_id": "dish_1566844850",
        "calories": 491.235168,
        "total_mass": 345.0,
        "total_fat": 25.456135,
        "total_carbohydrates": 30.58173,
        "total_protein": 35.928123
    },
    "dish_1560367733": {
        "dish_id": "dish_1560367733",
        "calories": 661.441162,
        "total_mass": 388.0,
        "total_fat": 26.763107,
        "total_carbohydrates": 54.923664,
        "total_protein": 46.178318
    },
    "dish_1561575327": {
        "dish_id": "dish_1561575327",
        "calories": 453.680054,
        "total_mass": 289.0,
        "total_fat": 23.747952,
        "total_carbohydrates": 25.363405,
        "total_protein": 32.591888
    },
    "dish_1561576954": {
        "dish_id": "dish_1561576954",
        "calories": 345.343719,
        "total_mass": 262.0,
        "total_fat": 15.472434,
        "total_carbohydrates": 8.670532,
        "total_protein": 42.441227
    },
    "dish_1561665452": {
        "dish_id": "dish_1561665452",
        "calories": 624.853943,
        "total_mass": 431.0,
        "total_fat": 20.266373,
        "total_carbohydrates": 27.939386,
        "total_protein": 81.354126
    },
    "dish_1563478751": {
        "dish_id": "dish_1563478751",
        "calories": 950.395081,
        "total_mass": 545.0,
        "total_fat": 45.303986,
        "total_carbohydrates": 54.133282,
        "total_protein": 74.772202
    },
    "dish_1564685450": {
        "dish_id": "dish_1564685450",
        "calories": 623.007507,
        "total_mass": 288.0,
        "total_fat": 35.372643,
        "total_carbohydrates": 38.998962,
        "total_protein": 37.391777
    },
    "dish_1565023182": {
        "dish_id": "dish_1565023182",
        "calories": 638.714844,
        "total_mass": 308.0,
        "total_fat": 47.469677,
        "total_carbohydrates": 9.244903,
        "total_protein": 41.584
    },
    "dish_1563822663": {
        "dish_id": "dish_1563822663",
        "calories": 303.099365,
        "total_mass": 317.0,
        "total_fat": 13.86415,
        "total_carbohydrates": 24.232965,
        "total_protein": 22.034336
    },
    "dish_1562614980": {
        "dish_id": "dish_1562614980",
        "calories": 566.146057,
        "total_mass": 485.0,
        "total_fat": 28.809109,
        "total_carbohydrates": 21.104092,
        "total_protein": 57.345734
    },
    "dish_1563898813": {
        "dish_id": "dish_1563898813",
        "calories": 626.508484,
        "total_mass": 382.0,
        "total_fat": 47.430229,
        "total_carbohydrates": 11.959503,
        "total_protein": 37.696037
    },
    "dish_1563480534": {
        "dish_id": "dish_1563480534",
        "calories": 797.566895,
        "total_mass": 576.0,
        "total_fat": 33.881702,
        "total_carbohydrates": 35.512001,
        "total_protein": 81.875473
    },
    "dish_1563464670": {
        "dish_id": "dish_1563464670",
        "calories": 384.175995,